{"cameraMode":{"drawMode":0,"name":"Shaded","section":"Shading Mode"},"sceneLighting":false,"audioPlay":false,"sceneViewState":{"m_AlwaysRefresh":false,"showFog":true,"showSkybox":false,"showFlares":true,"showImageEffects":true,"showParticleSystems":true,"showVisualEffectGraphs":true,"m_FxEnabled":true},"in2DMode":false,"pivot":{"x":0.0000017881393432617188,"y":1.5131397247314454,"z":0.016342639923095704},"rotation":{"x":-0.13332144916057588,"y":0.8588442206382752,"z":-0.28157228231430056,"w":-0.40663471817970278},"size":2.3353731632232668,"orthographic":false}