{"cameraMode":{"drawMode":0,"name":"Shaded","section":"Shading Mode"},"sceneLighting":false,"audioPlay":false,"sceneViewState":{"m_AlwaysRefresh":false,"showFog":true,"showSkybox":false,"showFlares":true,"showImageEffects":true,"showParticleSystems":true,"showVisualEffectGraphs":true,"m_FxEnabled":true},"in2DMode":false,"pivot":{"x":0.28027278184890749,"y":0.8977231383323669,"z":-0.7353296875953674},"rotation":{"x":-0.02025812305510044,"y":0.9598004221916199,"z":-0.2706086039543152,"w":-0.07182829082012177},"size":2.3353731632232668,"orthographic":false}